<?xml version='1.0' encoding='UTF-8'?>
<widget xmlns="http://www.w3.org/ns/widgets" xmlns:intelxdk="http://xdk.intel.com/ns/v1" id="com.tugruero.cliente" version="1.0.0" android-versionCode="2">
<!--This file is generated by the Intel XDK. Do not edit this file as your edits will be lost.           -->
<!--To change the contents of this file, see the documentation on the intelxdk.config.additions.xml file.-->
<intelxdk:version value="1.0"/>
<intelxdk:cordova-cli version="5.4.1"/>
<name>Tu Gruero</name>
<description>Aplicación de asistencia vehicular.</description>
<author>Agroup</author>
<content src="index.html"/>
<access origin="*"/>
<allow-intent href="tel:*"/>
<icon platform="android" src="images/app-icon/logo_icon-01.png" density="xhdpi" width="96" height="96"/>
<icon platform="android" src="images/app-icon/logo_icon-02.png" density="hdpi" width="72" height="72"/>
<icon platform="android" src="images/app-icon/logo_icon-03.png" density="mdpi" width="48" height="48"/>
<icon platform="android" src="images/app-icon/logo_icon-04.png" density="ldpi" width="36" height="36"/>
<splash platform="android" src="images/splash/large.9.png" density="hdpi" width="480" height="640" orientation="portrait"/>
<splash platform="android" src="images/splash/med.9.png" density="mdpi" width="320" height="470" orientation="portrait"/>
<splash platform="android" src="images/splash/low.9.png" density="ldpi" width="320" height="426" orientation="portrait"/>
<splash platform="android" src="images/splash/xlarge.9.png" density="xhdpi" width="720" height="960" orientation="portrait"/>
<intelxdk:plugin intelxdk:name="StatusBar" intelxdk:value="cordova-plugin-statusbar" intelxdk:version="2.1.0" intelxdk:checksum="858cc583" intelxdk:type="file"/>
<intelxdk:plugin intelxdk:name="Device" intelxdk:value="cordova-plugin-device" intelxdk:version="1.1.1" intelxdk:checksum="927290ca" intelxdk:type="file"/>
<intelxdk:plugin intelxdk:name="Splashscreen" intelxdk:value="cordova-plugin-splashscreen" intelxdk:version="3.2.0" intelxdk:checksum="452a4659" intelxdk:type="file"/>
<intelxdk:plugin intelxdk:name="Geolocation" intelxdk:value="cordova-plugin-geolocation" intelxdk:version="2.1.0" intelxdk:checksum="aa7be91c" intelxdk:type="file"/>
<intelxdk:plugin intelxdk:name="Cordova Network Whitelist Plugin (added by Intel XDK)" intelxdk:value="cordova-plugin-whitelist" intelxdk:version="1.2.1"/>
<preference name="android-minSdkVersion" value="14"/>
<preference name="android-targetSdkVersion" value="19"/>
<preference name="android-installLocation" value="auto"/>
<platform name="android">
<preference name="Orientation" value="portrait"/></platform>
<intelxdk:crosswalk version="16"/>
<preference name="splashscreen" value="splash"/>
<!--creationInfo:{"src":"jsapp/template-blank-cordova-ad-project/sample.zip","projectTypeName":"com.intel.xdk.projecttype.jsapp"}-->
<preference name="debuggable" value="false"/>
<preference name="SplashScreenDelay" value="15000"/>
<preference name="LoadUrlTimeoutValue" value="50000"/>
<platform name="ios">
    <!-- below requires the splash screen plugin -->
    <!-- docs: https://github.com/apache/cordova-plugin-splashscreen -->
    <preference name="AutoHideSplashScreen" value="false"/>
    <preference name="FadeSplashScreen" value="false"/>
    <preference name="FadeSplashScreenDuration" value="2"/>
    <preference name="ShowSplashScreenSpinner" value="false"/>

    <!-- below requires the status bar plugin -->
    <!-- docs: https://github.com/apache/cordova-plugin-statusbar -->
    <!-- see http://devgirl.org/2014/07/31/phonegap-developers-guid -->
    <preference name="StatusBarOverlaysWebView" value="false"/>
    <preference name="StatusBarBackgroundColor" value="#000000"/>
    <preference name="StatusBarStyle" value="lightcontent"/>
</platform>
<platform name="android">
    <!-- below requires the splash screen plugin -->
    <!-- docs: https://github.com/apache/cordova-plugin-splashscreen -->
	<preference name="FadeSplashScreen" value="false"/>	
	<preference name="FadeSplashScreenDuration" value="500"/>
	<preference name="ShowSplashScreenSpinner" value="false"/>
    <preference name="SplashMaintainAspectRatio" value="false"/>
	 
</platform>
<intelxdk:crosswalk xmlns:intelxdk="http://xdk.intel.com/ns/v1" xwalk-command-line="--disable-pull-to-refresh-effect"/>
<intelxdk:crosswalk xmlns:intelxdk="http://xdk.intel.com/ns/v1" xwalk-command-line="--ignore-gpu-blacklist"/></widget>