<?xml version='1.0' encoding='UTF-8'?>
<widget xmlns="http://www.w3.org/ns/widgets" xmlns:intelxdk="http://xdk.intel.com/ns/v1" id="com.tugruero.cliente" version="1.0.0" ios-CFBundleVersion="1">
<!--This file is generated by the Intel XDK. Do not edit this file as your edits will be lost.           -->
<!--To change the contents of this file, see the documentation on the intelxdk.config.additions.xml file.-->
<intelxdk:version value="1.0"/>
<intelxdk:cordova-cli version="5.4.1"/>
<name>Tu Gruero</name>
<description>Aplicación de asistencia vehicular.</description>
<author>Agroup</author>
<content src="index.html"/>
<access origin="*"/>
<allow-intent href="tel:*"/>
<allow-navigation href="tel:*"/>
<icon platform="ios" src="images/iOSicons/icons_ios_Settings.png" width="29" height="29"/>
<icon platform="ios" src="images/iOSicons/icons_ios_Settings 2x.png" width="58" height="58"/>
<icon platform="ios" src="images/iOSicons/icons_ios_Settings 3x.png" width="87" height="87"/>
<icon platform="ios" src="images/iOSicons/icons_ios_iPhone.png" width="60" height="60"/>
<icon platform="ios" src="images/iOSicons/icons_ios_iPhone 2x.png" width="120" height="120"/>
<icon platform="ios" src="images/iOSicons/icons_ios_iPhone 3x.png" width="180" height="180"/>
<icon platform="ios" src="images/iOSicons/icons_ios_iPad.png" width="76" height="76"/>
<icon platform="ios" src="images/iOSicons/icons_ios_iPad 2x.png" width="152" height="152"/>
<icon platform="ios" src="images/iOSicons/icons_ios_Spotlight.png" width="40" height="40"/>
<icon platform="ios" src="images/iOSicons/icons_ios_Spotlight 2x.png" width="80" height="80"/>
<icon platform="ios" src="images/iOSicons/icons_ios_iPhone app.png" width="57" height="57"/>
<icon platform="ios" src="images/iOSicons/icons_ios_iPhone app 2X.png" width="114" height="114"/>
<icon platform="ios" src="images/iOSicons/icons_ios_iPad app.png" width="72" height="72"/>
<icon platform="ios" src="images/iOSicons/icons_ios_Spotlight icon 2x.png" width="100" height="100"/>
<icon platform="ios" src="images/iOSicons/icons_ios_Spotlight icon.png" width="50" height="50"/>
<icon platform="ios" src="images/iOSicons/icons_ios_iPad App 2x.png" width="144" height="144"/>
<splash platform="ios" src="images/splash/iOS/Splashes_iOS_750.png" width="750" height="1334" orientation="portrait"/>
<splash platform="ios" src="images/splash/iOS/Splashes_iOS_1242.png" width="1242" height="2208" orientation="portrait"/>
<splash platform="ios" src="images/splash/iOS/Splashes_iOS_640.png" width="640" height="1136" orientation="portrait"/>
<splash platform="ios" src="images/splash/iOS/Splashes_iOS_640x960.png" width="640" height="960" orientation="portrait"/>
<splash platform="ios" src="images/splash/iOS/Splashes_iOS_320.png" width="320" height="480" orientation="portrait"/>
<splash platform="ios" src="images/splash/iOS/Splashes_iOS_1536.png" width="1536" height="2048" orientation="portrait"/>
<splash platform="ios" src="images/splash/iOS/Splashes_iOS_768.png" width="768" height="1024" orientation="portrait"/>
<intelxdk:plugin intelxdk:name="StatusBar" intelxdk:value="cordova-plugin-statusbar" intelxdk:version="2.1.0" intelxdk:checksum="858cc583" intelxdk:type="file"/>
<intelxdk:plugin intelxdk:name="Device" intelxdk:value="cordova-plugin-device" intelxdk:version="1.1.1" intelxdk:checksum="927290ca" intelxdk:type="file"/>
<intelxdk:plugin intelxdk:name="Splashscreen" intelxdk:value="cordova-plugin-splashscreen" intelxdk:version="3.2.0" intelxdk:checksum="452a4659" intelxdk:type="file"/>
<intelxdk:plugin intelxdk:name="Geolocation" intelxdk:value="cordova-plugin-geolocation" intelxdk:version="2.1.0" intelxdk:checksum="aa7be91c" intelxdk:type="file"/>
<preference name="ios-configuration" value="adhoc"/>
<platform name="ios">
<preference name="Orientation" value="portrait"/></platform>
<preference name="deployment-target" value="8.0"/>
<intelxdk:provisioning intelxdk:src="Provisioning_ios/TU_GRUERO_cliente.mobileprovision" intelxdk:type="adhoc"/>
<!--creationInfo:{"src":"jsapp/template-blank-cordova-ad-project/sample.zip","projectTypeName":"com.intel.xdk.projecttype.jsapp"}-->
<preference name="debuggable" value="false"/>
<preference name="SplashScreenDelay" value="15000"/>
<preference name="LoadUrlTimeoutValue" value="50000"/>
<platform name="ios">
    <!-- below requires the splash screen plugin -->
    <!-- docs: https://github.com/apache/cordova-plugin-splashscreen -->
    <preference name="AutoHideSplashScreen" value="false"/>
    <preference name="FadeSplashScreen" value="false"/>
    <preference name="FadeSplashScreenDuration" value="2"/>
    <preference name="ShowSplashScreenSpinner" value="false"/>
    <preference name="target-device" value="handset"/>

    <!-- below requires the status bar plugin -->
    <!-- docs: https://github.com/apache/cordova-plugin-statusbar -->
    <!-- see http://devgirl.org/2014/07/31/phonegap-developers-guid -->
    <preference name="StatusBarOverlaysWebView" value="false"/>
    <preference name="StatusBarBackgroundColor" value="#000000"/>
    <preference name="StatusBarStyle" value="lightcontent"/>
</platform>
<platform name="android">
    <!-- below requires the splash screen plugin -->
    <!-- docs: https://github.com/apache/cordova-plugin-splashscreen -->
	<preference name="FadeSplashScreen" value="false"/>	
	<preference name="FadeSplashScreenDuration" value="500"/>
	<preference name="ShowSplashScreenSpinner" value="false"/>
    <preference name="SplashMaintainAspectRatio" value="false"/>
	 
</platform>
<intelxdk:crosswalk xmlns:intelxdk="http://xdk.intel.com/ns/v1" xwalk-command-line="--disable-pull-to-refresh-effect"/>
<intelxdk:crosswalk xmlns:intelxdk="http://xdk.intel.com/ns/v1" xwalk-command-line="--ignore-gpu-blacklist"/></widget>